<?xml version="1.0" encoding="UTF-8" standalone="yes"?>
<addon id="plugin.video.musicvideojukebox"
       name="Music Video Jukebox"
       version="2.0.2"
       provider-name="iZE">
  <requires>
    <import addon="xbmc.python" version="2.1.0"/>
    <import addon="plugin.video.youtube" version="4.4.6" />
  </requires>
  <extension point="xbmc.python.pluginsource"
            library="Default.py">
        <provides>video</provides>
  </extension>
  <extension point="xbmc.addon.metadata">
    <platform>all</platform>
    <summary lang="en">Search for an artist and it will play up to 150 music videos of that artist.</summary>
    <description lang="en">This plugin uses Google Suggest API, Last.fm and YouTube to search for music videos of an artist, and plays up to 150 music videos of that artist.</description>
  </extension>
</addon>
