<?xml version="1.0" encoding="utf-8"?>
<window>
	<animation effect="fade" time="100">WindowOpen</animation>
	<animation effect="fade" time="200">WindowClose</animation>
	<coordinates>
		<system>1</system>
		<posx>0</posx>
		<posy>0</posy>
	</coordinates>
	<controls>
		<control type="group">
			<posx>165r</posx>
			<posy>5</posy>
			<animation effect="slide" start="0,0" end="-345,0" time="200" condition="Window.IsVisible(volumebar)">conditional</animation>
			<control type="image">
				<description>Busy animation</description>
				<posx>128</posx>
				<posy>0</posy>
				<width>32</width>
				<height>32</height>
				<texture>busy.png</texture>
				<aspectratio>keep</aspectratio>
				<animation effect="rotate" start="0" end="360" center="144,16" time="1600" loop="true" condition="true">conditional</animation>
				<visible>!Skin.HasSetting(HideBusyAnimation)</visible>
			</control>
			<control type="label">
				<description>Busy label</description>
				<posx>126</posx>
				<posy>4</posy>
				<width>126</width>
				<height>20</height>
				<align>right</align>
				<aligny>center</aligny>
				<label>$LOCALIZE[31004]</label>
				<font>font12</font>
				<animation effect="slide" start="0,0" end="32,0" time="100" reversible="false" condition="Skin.HasSetting(HideBusyAnimation)">Conditional</animation>
			</control>
			<control type="progress" id="10">
				<description>Progressbar</description>
				<posx>0</posx>
				<posy>53</posy>
				<width>160</width>
				<height>8</height>
			</control>
		</control>
	</controls>
</window>