<?xml version="1.0" encoding="utf-8"?>
<window>
	<defaultcontrol always="true">702</defaultcontrol>
	<include>DialogEffect</include>
	<coordinates>
		<system>1</system>
		<posx>0</posx>
		<posy>0</posy>
	</coordinates>
	<controls>
		<control type="group" id="1100">
			<visible>!IsEmpty(Window(Visualisation).Property(ArtistSlideshow.ArtistBiography)) + Skin.HasSetting(AllowSlideShowBio)</visible>
			<visible>![Window.IsVisible(AddonSettings) | Window.IsVisible(SelectDialog) | Window.IsVisible(VisualisationPresetList)]</visible>
			<animation effect="fade" time="200">VisibleChange</animation>
			<posx>20</posx>
			<posy>40</posy>
			<control type="image" id="1101">
				<description>Artist Biography background</description>
				<posx>0</posx>
				<posy>0</posy>
				<width>1240</width>
				<height>435</height>
				<colordiffuse>AAFFFFFF</colordiffuse>
				<texture border="10">ContentPanel.png</texture>
			</control>
			<control type="label" id="1107">
				<posx>120</posx>
				<posy>10</posy>
				<width>1100</width>
				<height>35</height>
				<font>font30_title</font>
				<textcolor>blue</textcolor>
				<scroll>true</scroll>
				<align>center</align>
				<aligny>center</aligny>
				<label>$INFO[MusicPlayer.Artist]</label>
			</control>
			<control type="image" id="1108">
				<posx>640</posx>
				<posy>60</posy>
				<width>576</width>
				<height>360</height>
				<aspectratio aligny="center">keep</aspectratio>
				<texture fallback="Fanart_Fallback_Music_Small.jpg" background="true" diffuse="episodematte.png">$INFO[MusicPlayer.Property(Fanart_Image)]</texture>
			</control>
			<control type="textbox" id="1109">
				<posx>20</posx>
				<posy>70</posy>
				<width>600</width>
				<height>350</height>
				<align>justify</align>
				<aligny>top</aligny>
				<font>font13</font>
				<scroll>true</scroll>
				<wrapmultiline>true</wrapmultiline>
				<autoscroll time="2000" delay="10000" repeat="5000">Skin.HasSetting(AutoScroll)</autoscroll>
				<label>$INFO[Window(Visualisation).Property(ArtistSlideshow.ArtistBiography)]</label>
			</control>
		</control>
		<control type="slider" id="87">
			<description>Seek Slider</description>
			<posx>430</posx>
			<posy>82r</posy>
			<width>720</width>
			<height>16</height>
			<onup>702</onup>
			<ondown>26</ondown>
			<action>seek</action>
			<texturesliderbar>seekslider2.png</texturesliderbar>
			<textureslidernib>osd_slider_nibNF.png</textureslidernib>
			<textureslidernibfocus>osd_slider_nib.png</textureslidernibfocus>
			<animation effect="fade" time="200">VisibleChange</animation>
			<visible>![Window.IsVisible(AddonSettings) | Window.IsVisible(SelectDialog) | Window.IsVisible(VisualisationPresetList)]</visible>
		</control>
		<control type="group" id="100">
			<posx>300</posx>
			<posy>55r</posy>
			<animation effect="fade" time="200">VisibleChange</animation>
			<visible>![Window.IsVisible(AddonSettings) | Window.IsVisible(SelectDialog) | Window.IsVisible(VisualisationPresetList)]</visible>
			<control type="button" id="600">
				<posx>0</posx>
				<posy>0</posy>
				<width>50</width>
				<height>50</height>
				<label>210</label>
				<font>-</font>
				<texturefocus>OSDHomeBtnFO.png</texturefocus>
				<texturenofocus>OSDHomeBtnNF.png</texturenofocus>
				<onleft>705</onleft>
				<onright>601</onright>
				<onup>1000</onup>
				<ondown>1000</ondown>
				<onclick>Dialog.Close(MusicOSD,true)</onclick>
				<onclick>FullScreen</onclick>
			</control>
			<control type="button" id="601">
				<posx>50</posx>
				<posy>0</posy>
				<width>50</width>
				<height>50</height>
				<label>210</label>
				<font>-</font>
				<texturefocus>OSDPlaylistFO.png</texturefocus>
				<texturenofocus>OSDPlaylistNF.png</texturenofocus>
				<onleft>600</onleft>
				<onright>602</onright>
				<onup>1000</onup>
				<ondown>1000</ondown>
				<onclick>Dialog.Close(MusicOSD,true)</onclick>
				<onclick>ActivateWindow(PlayListMusic)</onclick>
			</control>
			<control type="button" id="602">
				<posx>100</posx>
				<posy>0</posy>
				<width>50</width>
				<height>50</height>
				<label>210</label>
				<font>-</font>
				<texturefocus>OSDVolUpFO.png</texturefocus>
				<texturenofocus>OSDVolUpNF.png</texturenofocus>
				<onleft>601</onleft>
				<onright>603</onright>
				<onup>1000</onup>
				<ondown>1000</ondown>
				<onclick>$VAR[VolumeStepUp]</onclick>
				<onclick>VolumeUp</onclick>
				<visible>!Skin.HasSetting(DisableFloorVolumeButtons)</visible>
			</control>
			<control type="button" id="603">
				<posx>150</posx>
				<posy>0</posy>
				<width>50</width>
				<height>50</height>
				<label>210</label>
				<font>-</font>
				<texturefocus>OSDVolDownFO.png</texturefocus>
				<texturenofocus>OSDVolDownNF.png</texturenofocus>
				<onleft>602</onleft>
				<onright>604</onright>
				<onup>1000</onup>
				<ondown>1000</ondown>
				<onclick>$VAR[VolumeStepDown]</onclick>
				<onclick>VolumeDown</onclick>
				<visible>!Skin.HasSetting(DisableFloorVolumeButtons)</visible>
			</control>
			<control type="button" id="604">
				<posx>200</posx>
				<posy>0</posy>
				<width>50</width>
				<height>50</height>
				<label>210</label>
				<font>-</font>
				<texturefocus>OSDPrevTrackFO.png</texturefocus>
				<texturenofocus>OSDPrevTrackNF.png</texturenofocus>
				<onleft>603</onleft>
				<onright>605</onright>
				<onup>1000</onup>
				<ondown>1000</ondown>
				<onclick>PlayerControl(Previous)</onclick>
			</control>
			<control type="button" id="605">
				<posx>250</posx>
				<posy>0</posy>
				<width>50</width>
				<height>50</height>
				<label>31354</label>
				<font>-</font>
				<texturefocus>OSDRewindFO.png</texturefocus>
				<texturenofocus>OSDRewindNF.png</texturenofocus>
				<onleft>604</onleft>
				<onright>606</onright>
				<onup>1000</onup>
				<ondown>1000</ondown>
				<onclick>PlayerControl(Rewind)</onclick>
			</control>
			<control type="togglebutton" id="606">
				<posx>300</posx>
				<posy>0</posy>
				<width>50</width>
				<height>50</height>
				<label>31351</label>
				<altlabel>208</altlabel>
				<font>-</font>
				<texturefocus>OSDPauseFO.png</texturefocus>
				<texturenofocus>OSDPauseNF.png</texturenofocus>
				<usealttexture>Player.Paused | Player.Forwarding | Player.Rewinding</usealttexture>
				<alttexturefocus>OSDPlayFO.png</alttexturefocus>
				<alttexturenofocus>OSDPlayNF.png</alttexturenofocus>
				<onleft>605</onleft>
				<onright>607</onright>
				<onup>1000</onup>
				<ondown>1000</ondown>
				<onclick>PlayerControl(Play)</onclick>
			</control>
			<control type="button" id="607">
				<posx>350</posx>
				<posy>0</posy>
				<width>50</width>
				<height>50</height>
				<label>31352</label>
				<font>-</font>
				<texturefocus>OSDStopFO.png</texturefocus>
				<texturenofocus>OSDStopNF.png</texturenofocus>
				<onleft>606</onleft>
				<onright>608</onright>
				<onup>1000</onup>
				<ondown>1000</ondown>
				<onclick>PlayerControl(Stop)</onclick>
			</control>
			<control type="button" id="608">
				<posx>400</posx>
				<posy>0</posy>
				<width>50</width>
				<height>50</height>
				<label>31353</label>
				<font>-</font>
				<texturefocus>OSDForwardFO.png</texturefocus>
				<texturenofocus>OSDForwardNF.png</texturenofocus>
				<onleft>607</onleft>
				<onright>609</onright>
				<onup>1000</onup>
				<ondown>1000</ondown>
				<onclick>PlayerControl(Forward)</onclick>
			</control>
			<control type="button" id="609">
				<posx>450</posx>
				<posy>0</posy>
				<width>50</width>
				<height>50</height>
				<label>209</label>
				<font>-</font>
				<texturefocus>OSDNextTrackFO.png</texturefocus>
				<texturenofocus>OSDNextTrackNF.png</texturenofocus>
				<onleft>608</onleft>
				<onright>610</onright>
				<onup>1000</onup>
				<ondown>1000</ondown>
				<onclick>PlayerControl(Next)</onclick>
			</control>
			<control type="button" id="610">
				<posx>500</posx>
				<posy>0</posy>
				<width>50</width>
				<height>50</height>
				<label>$LOCALIZE[486]$INFO[Playlist.Repeat, : ]</label>
				<font>-</font>
				<texturefocus>-</texturefocus>
				<texturenofocus>-</texturenofocus>
				<onclick>XBMC.PlayerControl(Repeat)</onclick>
				<onleft>609</onleft>
				<onright>611</onright>
				<onup>1000</onup>
				<ondown>1000</ondown>
			</control>
			<control type="image">
				<posx>500</posx>
				<posy>0</posy>
				<width>50</width>
				<height>50</height>
				<texture>OSDRepeatNF.png</texture>
				<visible>!Playlist.IsRepeat + !Playlist.IsRepeatOne</visible>
				<visible>!Control.HasFocus(610)</visible>
			</control>
			<control type="image">
				<posx>500</posx>
				<posy>0</posy>
				<width>50</width>
				<height>50</height>
				<texture>OSDRepeatFO.png</texture>
				<visible>!Playlist.IsRepeat + !Playlist.IsRepeatOne</visible>
				<visible>Control.HasFocus(610)</visible>
			</control>
			<control type="image">
				<posx>500</posx>
				<posy>0</posy>
				<width>50</width>
				<height>50</height>
				<texture>OSDRepeatOneNF.png</texture>
				<visible>Playlist.IsRepeatOne</visible>
				<visible>!Control.HasFocus(610)</visible>
			</control>
			<control type="image">
				<posx>500</posx>
				<posy>0</posy>
				<width>50</width>
				<height>50</height>
				<texture>OSDRepeatOneFO.png</texture>
				<visible>Playlist.IsRepeatOne</visible>
				<visible>Control.HasFocus(610)</visible>
			</control>
			<control type="image">
				<posx>500</posx>
				<posy>0</posy>
				<width>50</width>
				<height>50</height>
				<texture>OSDRepeatAllNF.png</texture>
				<visible>Playlist.IsRepeat</visible>
				<visible>!Control.HasFocus(610)</visible>
			</control>
			<control type="image">
				<posx>500</posx>
				<posy>0</posy>
				<width>50</width>
				<height>50</height>
				<texture>OSDRepeatAllFO.png</texture>
				<visible>Playlist.IsRepeat</visible>
				<visible>Control.HasFocus(610)</visible>
			</control>
			<control type="togglebutton" id="611">
				<posx>550</posx>
				<posy>0</posy>
				<width>50</width>
				<height>50</height>
				<label>$LOCALIZE[590]$INFO[Playlist.Random, : ]</label>
				<font>-</font>
				<texturefocus>OSDRandomOffFO.png</texturefocus>
				<texturenofocus>OSDRandomOffNF.png</texturenofocus>
				<usealttexture>Playlist.IsRandom</usealttexture>
				<alttexturefocus>OSDRandomOnFO.png</alttexturefocus>
				<alttexturenofocus>OSDRandomOnNF.png</alttexturenofocus>
				<onclick>XBMC.PlayerControl(Random)</onclick>
				<onleft>610</onleft>
				<onright>612</onright>
				<onup>1000</onup>
				<ondown>1000</ondown>
			</control>
			<control type="button" id="612">
				<posx>610</posx>
				<posy>0</posy>
				<width>50</width>
				<height>50</height>
				<label>210</label>
				<font>-</font>
				<texturefocus>OSDLastFMLoveFO.png</texturefocus>
				<texturenofocus>OSDLastFMLoveNF.png</texturenofocus>
				<onleft>611</onleft>
				<onright>613</onright>
				<onup>1000</onup>
				<ondown>1000</ondown>
				<onclick>RunScript(plugin.audio.lastfm,action=LastFM.Love&amp;artist=$INFO[MusicPlayer.Artist]&amp;song=$INFO[MusicPlayer.Title])</onclick>
				<enable>SubString(Window(Home).Property(LastFM.CanLove),true)</enable>
				<visible>System.HasAddon(plugin.audio.lastfm)</visible>
			</control>
			<control type="button" id="613">
				<posx>660</posx>
				<posy>0</posy>
				<width>50</width>
				<height>50</height>
				<label>210</label>
				<font>-</font>
				<texturefocus>OSDLastFMBanFO.png</texturefocus>
				<texturenofocus>OSDLastFMBanNF.png</texturenofocus>
				<onleft>612</onleft>
				<onright>702</onright>
				<onup>1000</onup>
				<ondown>1000</ondown>
				<onclick>RunScript(plugin.audio.lastfm,action=LastFM.Ban&amp;artist=$INFO[MusicPlayer.Artist]&amp;song=$INFO[MusicPlayer.Title])</onclick>
				<enable>SubString(Window(Home).Property(LastFM.CanBan),true)</enable>
				<visible>System.HasAddon(plugin.audio.lastfm)</visible>
			</control>
		</control>
		<control type="group">
			<posx>260r</posx>
			<posy>55r</posy>
			<animation effect="fade" time="200">VisibleChange</animation>
			<visible>![Window.IsVisible(AddonSettings) | Window.IsVisible(SelectDialog) | Window.IsVisible(VisualisationPresetList)]</visible>
			<control type="togglebutton" id="702">
				<posx>0</posx>
				<posy>0</posy>
				<width>50</width>
				<height>50</height>
				<label>31128</label>
				<font>-</font>
				<texturefocus>OSDLyricsFO.png</texturefocus>
				<texturenofocus>OSDLyricsNF.png</texturenofocus>
				<alttexturefocus>OSDLyricsFO.png</alttexturefocus>
				<alttexturenofocus>OSDLyricsNF.png</alttexturenofocus>
				<onleft>613</onleft>
				<onright>500</onright>
				<onup>1000</onup>
				<ondown>1000</ondown>
				<onclick>Close</onclick>
				<onclick>XBMC.RunScript($INFO[Skin.String(LyricScript_Path)])</onclick>
				<altclick>Skin.SetAddon(LyricScript_Path,xbmc.python.lyrics)</altclick>
				<altclick>Close</altclick>
				<altclick>XBMC.RunScript($INFO[Skin.String(LyricScript_Path)])</altclick>
				<usealttexture>IsEmpty(Skin.String(LyricScript_Path))</usealttexture>
			</control>
			<control type="button" id="500">
				<posx>50</posx>
				<posy>0</posy>
				<width>50</width>
				<height>50</height>
				<label>12006</label>
				<font>-</font>
				<texturefocus>OSDVizFO.png</texturefocus>
				<texturenofocus>OSDVizNF.png</texturenofocus>
				<onleft>702</onleft>
				<onright>703</onright>
				<onup>1000</onup>
				<ondown>1000</ondown>
			</control>
			<control type="button" id="703">
				<posx>100</posx>
				<posy>0</posy>
				<width>50</width>
				<height>50</height>
				<label>$LOCALIZE[250] $LOCALIZE[21417]</label>
				<font>-</font>
				<texturefocus>OSDPresetSettingsFO.png</texturefocus>
				<texturenofocus>OSDPresetSettingsNF.png</texturenofocus>
				<onleft>500</onleft>
				<onright>704</onright>
				<onup>1000</onup>
				<ondown>1000</ondown>
				<onclick>Addon.Default.OpenSettings(xbmc.player.musicviz)</onclick>
			</control>
			<control type="button" id="704">
				<posx>150</posx>
				<posy>0</posy>
				<width>50</width>
				<height>50</height>
				<label>31048</label>
				<font>-</font>
				<texturefocus>OSDPreFO.png</texturefocus>
				<texturenofocus>OSDPreNF.png</texturenofocus>
				<onleft>703</onleft>
				<onright>705</onright>
				<onup>1000</onup>
				<ondown>1000</ondown>
				<onclick>ActivateWindow(122)</onclick>
			</control>
			<control type="button" id="705">
				<posx>200</posx>
				<posy>0</posy>
				<width>50</width>
				<height>50</height>
				<label>264</label>
				<font>-</font>
				<texturefocus>OSDRecordOffFO.png</texturefocus>
				<texturenofocus>OSDRecordOffNF.png</texturenofocus>
				<onleft>704</onleft>
				<onright>600</onright>
				<onup>1000</onup>
				<ondown>1000</ondown>
				<onclick>XBMC.PlayerControl(record)</onclick>
				<enable>Player.CanRecord</enable>
				<animation effect="fade" start="100" end="50" time="100" condition="!Player.CanRecord">Conditional</animation>
			</control>
		</control>
	</controls>
</window>