<?xml version="1.0" encoding="utf-8"?>
<includes>
	<include name="Coverflowview">
		<control type="image">
			<include>Dimensions_Fullscreen</include>
			<texture background="true">black-back.png</texture>
			<visible>Control.IsVisible(555)</visible>
		</control>
		<control type="group" id="7001">
			<include>Window_OpenClose_Animation</include>
			<posy>150</posy>
			<visible>Control.IsVisible(555) + Container.OnNext</visible>
			<animation effect="slide" end="-100,0" time="250" reversible="false">Hidden</animation>
			<control type="group">
				<posx>80</posx>
				<visible>Container.OnNext</visible>
				<animation effect="fade" start="100" end="0" time="250" reversible="false">Hidden</animation>
				<animation effect="rotatey" center="60" start="-60" end="-60" time="0" condition="true">Conditional</animation>
				<control type="group">
					<control type="image">
						<posx>38</posx>
						<posy>15</posy>
						<width>248</width>
						<height>410</height>
						<texture background="true" diffuse="ClearCase/EmptyCaseMask.png">$INFO[Container(555).ListItem(-4).Art(poster)]</texture>
						<aspectratio aligny="bottom">stretch</aspectratio>
					</control>
					<control type="image">
						<posx>38</posx>
						<posy>15</posy>
						<width>248</width>
						<height>410</height>
						<texture background="true" diffuse="ClearCase/EmptyCaseMask.png">black-back.png</texture>
						<colordiffuse>AAFFFFFF</colordiffuse>
						<aspectratio aligny="bottom">stretch</aspectratio>
					</control>
					<control type="image">
						<posx>38</posx>
						<posy>455</posy>
						<width>248</width>
						<height>410</height>
						<aspectratio aligny="top">stretch</aspectratio>
						<texture background="true" flipy="true" diffuse="diffuse_mirror2.png">$INFO[Container(555).ListItem(-4).Art(poster)]</texture>
					</control>
					<control type="image">
						<posx>0</posx>
						<posy>0</posy>
						<width>300</width>
						<height>440</height>
						<aspectratio>stretch</aspectratio>
						<texture fallback="ClearCase/dv.png">$INFO[Container(555).ListItem(-4).FileExtension,ClearCase/,.png]</texture>
					</control>
					<control type="image">
						<posx>0</posx>
						<posy>440</posy>
						<width>300</width>
						<height>440</height>
						<aspectratio aligny="top">stretch</aspectratio>
						<texture background="true" flipy="true" diffuse="diffuse_mirror2.png">ClearCase/ClearCase.png</texture>
					</control>
					<visible>!IsEmpty(Container(555).ListItem(-4).Art(poster))</visible>
				</control>
				<control type="image">
					<posx>0</posx>
					<posy>0</posy>
					<width>300</width>
					<height>440</height>
					<aspectratio>stretch</aspectratio>
					<texture>$INFO[Container(555).ListItem(-4).Icon]</texture>
					<visible>IsEmpty(Container(555).ListItem(-4).Art(poster))</visible>
				</control>
				<control type="image">
					<posx>0</posx>
					<posy>0</posy>
					<width>300</width>
					<height>440</height>
					<aspectratio>stretch</aspectratio>
					<texture>black-back.png</texture>
					<colordiffuse>AAFFFFFF</colordiffuse>
					<visible>IsEmpty(Container(555).ListItem(-4).Art(poster))</visible>
				</control>
			</control>
			<control type="group">
				<posx>180</posx>
				<animation effect="rotatey" center="160" start="-60" end="-60" time="0" condition="true">Conditional</animation>
				<control type="group">
					<control type="image">
						<posx>38</posx>
						<posy>15</posy>
						<width>248</width>
						<height>410</height>
						<texture background="true" diffuse="ClearCase/EmptyCaseMask.png">$INFO[Container(555).ListItem(-3).Art(poster)]</texture>
						<aspectratio aligny="bottom">stretch</aspectratio>
					</control>
					<control type="image">
						<posx>38</posx>
						<posy>15</posy>
						<width>248</width>
						<height>410</height>
						<texture background="true" diffuse="ClearCase/EmptyCaseMask.png">black-back.png</texture>
						<colordiffuse>AAFFFFFF</colordiffuse>
						<aspectratio aligny="bottom">stretch</aspectratio>
					</control>
					<control type="image">
						<posx>38</posx>
						<posy>455</posy>
						<width>248</width>
						<height>410</height>
						<aspectratio aligny="top">stretch</aspectratio>
						<texture background="true" flipy="true" diffuse="diffuse_mirror2.png">$INFO[Container(555).ListItem(-3).Art(poster)]</texture>
					</control>
					<control type="image">
						<posx>0</posx>
						<posy>0</posy>
						<width>300</width>
						<height>440</height>
						<aspectratio>stretch</aspectratio>
						<texture fallback="ClearCase/dv.png">$INFO[Container(555).ListItem(-3).FileExtension,ClearCase/,.png]</texture>
					</control>
					<control type="image">
						<posx>0</posx>
						<posy>440</posy>
						<width>300</width>
						<height>440</height>
						<aspectratio aligny="top">stretch</aspectratio>
						<texture background="true" flipy="true" diffuse="diffuse_mirror2.png">ClearCase/ClearCase.png</texture>
					</control>
					<visible>!IsEmpty(Container(555).ListItem(-3).Art(poster))</visible>
				</control>
				<control type="image">
					<posx>0</posx>
					<posy>0</posy>
					<width>300</width>
					<height>440</height>
					<aspectratio>stretch</aspectratio>
					<texture>$INFO[Container(555).ListItem(-3).Icon]</texture>
					<visible>IsEmpty(Container(555).ListItem(-3).Art(poster))</visible>
				</control>
				<control type="image">
					<posx>0</posx>
					<posy>0</posy>
					<width>300</width>
					<height>440</height>
					<aspectratio>stretch</aspectratio>
					<texture>black-back.png</texture>
					<colordiffuse>AAFFFFFF</colordiffuse>
					<visible>IsEmpty(Container(555).ListItem(-3).Art(poster))</visible>
				</control>
			</control>
			<control type="group">
				<posx>280</posx>
				<animation effect="rotatey" center="260" start="-60" end="-60" time="0" condition="true">Conditional</animation>
				<control type="group">
					<control type="image">
						<posx>38</posx>
						<posy>15</posy>
						<width>248</width>
						<height>410</height>
						<texture background="true" diffuse="ClearCase/EmptyCaseMask.png">$INFO[Container(555).ListItem(-2).Art(poster)]</texture>
						<aspectratio aligny="bottom">stretch</aspectratio>
					</control>
					<control type="image">
						<posx>38</posx>
						<posy>15</posy>
						<width>248</width>
						<height>410</height>
						<texture background="true" diffuse="ClearCase/EmptyCaseMask.png">black-back.png</texture>
						<colordiffuse>AAFFFFFF</colordiffuse>
						<aspectratio aligny="bottom">stretch</aspectratio>
					</control>
					<control type="image">
						<posx>38</posx>
						<posy>455</posy>
						<width>248</width>
						<height>410</height>
						<aspectratio aligny="top">stretch</aspectratio>
						<texture background="true" flipy="true" diffuse="diffuse_mirror2.png">$INFO[Container(555).ListItem(-2).Art(poster)]</texture>
					</control>
					<control type="image">
						<posx>0</posx>
						<posy>0</posy>
						<width>300</width>
						<height>440</height>
						<aspectratio>stretch</aspectratio>
						<texture fallback="ClearCase/dv.png">$INFO[Container(555).ListItem(-2).FileExtension,ClearCase/,.png]</texture>
					</control>
					<control type="image">
						<posx>0</posx>
						<posy>440</posy>
						<width>300</width>
						<height>440</height>
						<aspectratio aligny="top">stretch</aspectratio>
						<texture background="true" flipy="true" diffuse="diffuse_mirror2.png">ClearCase/ClearCase.png</texture>
					</control>
					<visible>!IsEmpty(Container(555).ListItem(-2).Art(poster))</visible>
				</control>
				<control type="image">
					<posx>0</posx>
					<posy>0</posy>
					<width>300</width>
					<height>440</height>
					<aspectratio>stretch</aspectratio>
					<texture>$INFO[Container(555).ListItem(-2).Icon]</texture>
					<visible>IsEmpty(Container(555).ListItem(-2).Art(poster))</visible>
				</control>
				<control type="image">
					<posx>0</posx>
					<posy>0</posy>
					<width>300</width>
					<height>440</height>
					<aspectratio>stretch</aspectratio>
					<texture>black-back.png</texture>
					<colordiffuse>AAFFFFFF</colordiffuse>
					<visible>IsEmpty(Container(555).ListItem(-2).Art(poster))</visible>
				</control>
			</control>
			<control type="group">
				<posx>1000</posx>
				<visible>!Container.OnNext</visible>
				<animation effect="fade" start="0" end="100" delay="0" time="250" reversible="false">Visible</animation>
				<animation effect="rotatey" center="1320" start="60" end="60" time="0" condition="true">Conditional</animation>
				<control type="group">
					<control type="image">
						<posx>38</posx>
						<posy>15</posy>
						<width>248</width>
						<height>410</height>
						<texture background="true" diffuse="ClearCase/EmptyCaseMask.png">$INFO[Container(555).ListItem(3).Art(poster)]</texture>
						<aspectratio aligny="bottom">stretch</aspectratio>
					</control>
					<control type="image">
						<posx>38</posx>
						<posy>15</posy>
						<width>248</width>
						<height>410</height>
						<texture background="true" diffuse="ClearCase/EmptyCaseMask.png">black-back.png</texture>
						<colordiffuse>AAFFFFFF</colordiffuse>
						<aspectratio aligny="bottom">stretch</aspectratio>
					</control>
					<control type="image">
						<posx>38</posx>
						<posy>455</posy>
						<width>248</width>
						<height>410</height>
						<aspectratio aligny="top">stretch</aspectratio>
						<texture background="true" flipy="true" diffuse="diffuse_mirror2.png">$INFO[Container(555).ListItem(3).Art(poster)]</texture>
					</control>
					<control type="image">
						<posx>0</posx>
						<posy>0</posy>
						<width>300</width>
						<height>440</height>
						<aspectratio>stretch</aspectratio>
						<texture fallback="ClearCase/dv.png">$INFO[Container(555).ListItem(3).FileExtension,ClearCase/,.png]</texture>
					</control>
					<control type="image">
						<posx>0</posx>
						<posy>440</posy>
						<width>300</width>
						<height>440</height>
						<aspectratio aligny="top">stretch</aspectratio>
						<texture background="true" flipy="true" diffuse="diffuse_mirror2.png">ClearCase/ClearCase.png</texture>
					</control>
					<visible>!IsEmpty(Container(555).ListItem(3).Art(poster))</visible>
				</control>
				<control type="image">
					<posx>0</posx>
					<posy>0</posy>
					<width>300</width>
					<height>440</height>
					<aspectratio>stretch</aspectratio>
					<texture>$INFO[Container(555).ListItem(3).Icon]</texture>
					<visible>IsEmpty(Container(555).ListItem(3).Art(poster))</visible>
				</control>
				<control type="image">
					<posx>0</posx>
					<posy>0</posy>
					<width>300</width>
					<height>440</height>
					<aspectratio>stretch</aspectratio>
					<texture>black-back.png</texture>
					<colordiffuse>AAFFFFFF</colordiffuse>
					<visible>IsEmpty(Container(555).ListItem(3).Art(poster))</visible>
				</control>
			</control>
			<control type="group">
				<posx>900</posx>
				<animation effect="rotatey" center="1220" start="60" end="60" time="0" condition="true">Conditional</animation>
				<control type="group">
					<control type="image">
						<posx>38</posx>
						<posy>15</posy>
						<width>248</width>
						<height>410</height>
						<texture background="true" diffuse="ClearCase/EmptyCaseMask.png">$INFO[Container(555).ListItem(2).Art(poster)]</texture>
						<aspectratio aligny="bottom">stretch</aspectratio>
					</control>
					<control type="image">
						<posx>38</posx>
						<posy>15</posy>
						<width>248</width>
						<height>410</height>
						<texture background="true" diffuse="ClearCase/EmptyCaseMask.png">black-back.png</texture>
						<colordiffuse>AAFFFFFF</colordiffuse>
						<aspectratio aligny="bottom">stretch</aspectratio>
					</control>
					<control type="image">
						<posx>38</posx>
						<posy>455</posy>
						<width>248</width>
						<height>410</height>
						<aspectratio aligny="top">stretch</aspectratio>
						<texture background="true" flipy="true" diffuse="diffuse_mirror2.png">$INFO[Container(555).ListItem(2).Art(poster)]</texture>
					</control>
					<control type="image">
						<posx>0</posx>
						<posy>0</posy>
						<width>300</width>
						<height>440</height>
						<aspectratio>stretch</aspectratio>
						<texture fallback="ClearCase/dv.png">$INFO[Container(555).ListItem(2).FileExtension,ClearCase/,.png]</texture>
					</control>
					<control type="image">
						<posx>0</posx>
						<posy>440</posy>
						<width>300</width>
						<height>440</height>
						<aspectratio aligny="top">stretch</aspectratio>
						<texture background="true" flipy="true" diffuse="diffuse_mirror2.png">ClearCase/ClearCase.png</texture>
					</control>
					<visible>!IsEmpty(Container(555).ListItem(2).Art(poster))</visible>
				</control>
				<control type="image">
					<posx>0</posx>
					<posy>0</posy>
					<width>300</width>
					<height>440</height>
					<aspectratio>stretch</aspectratio>
					<texture>$INFO[Container(555).ListItem(2).Icon]</texture>
					<visible>IsEmpty(Container(555).ListItem(2).Art(poster))</visible>
				</control>
				<control type="image">
					<posx>0</posx>
					<posy>0</posy>
					<width>300</width>
					<height>440</height>
					<aspectratio>stretch</aspectratio>
					<texture>black-back.png</texture>
					<colordiffuse>AAFFFFFF</colordiffuse>
					<visible>IsEmpty(Container(555).ListItem(2).Art(poster))</visible>
				</control>
			</control>
			<control type="group">
				<posx>800</posx>
				<animation effect="rotatey" center="1120" start="60" end="60" time="0" condition="true">Conditional</animation>
				<control type="group">
					<control type="image">
						<posx>38</posx>
						<posy>15</posy>
						<width>248</width>
						<height>410</height>
						<texture background="true" diffuse="ClearCase/EmptyCaseMask.png">$INFO[Container(555).ListItem(1).Art(poster)]</texture>
						<aspectratio aligny="bottom">stretch</aspectratio>
					</control>
					<control type="image">
						<posx>38</posx>
						<posy>15</posy>
						<width>248</width>
						<height>410</height>
						<texture background="true" diffuse="ClearCase/EmptyCaseMask.png">black-back.png</texture>
						<colordiffuse>AAFFFFFF</colordiffuse>
						<aspectratio aligny="bottom">stretch</aspectratio>
					</control>
					<control type="image">
						<posx>38</posx>
						<posy>455</posy>
						<width>248</width>
						<height>410</height>
						<aspectratio aligny="top">stretch</aspectratio>
						<texture background="true" flipy="true" diffuse="diffuse_mirror2.png">$INFO[Container(555).ListItem(1).Art(poster)]</texture>
					</control>
					<control type="image">
						<posx>0</posx>
						<posy>0</posy>
						<width>300</width>
						<height>440</height>
						<aspectratio>stretch</aspectratio>
						<texture fallback="ClearCase/dv.png">$INFO[Container(555).ListItem(1).FileExtension,ClearCase/,.png]</texture>
					</control>
					<control type="image">
						<posx>0</posx>
						<posy>440</posy>
						<width>300</width>
						<height>440</height>
						<aspectratio aligny="top">stretch</aspectratio>
						<texture background="true" flipy="true" diffuse="diffuse_mirror2.png">ClearCase/ClearCase.png</texture>
					</control>
					<visible>!IsEmpty(Container(555).ListItem(1).Art(poster))</visible>
				</control>
				<control type="image">
					<posx>0</posx>
					<posy>0</posy>
					<width>300</width>
					<height>440</height>
					<aspectratio>stretch</aspectratio>
					<texture>$INFO[Container(555).ListItem(1).Icon]</texture>
					<visible>IsEmpty(Container(555).ListItem(1).Art(poster))</visible>
				</control>
				<control type="image">
					<posx>0</posx>
					<posy>0</posy>
					<width>300</width>
					<height>440</height>
					<aspectratio>stretch</aspectratio>
					<texture>black-back.png</texture>
					<colordiffuse>AAFFFFFF</colordiffuse>
					<visible>IsEmpty(Container(555).ListItem(1).Art(poster))</visible>
				</control>
			</control>
			<control type="group">
				<visible>Container.OnNext</visible>
				<animation effect="slide" end="-110,0" time="250" reversible="false">Hidden</animation>
				<control type="group">
					<posx>700</posx>
					<visible>Container.OnNext</visible>
					<animation effect="rotatey" center="1020" start="0" end="-60" time="250" reversible="false" tween="quadratic" easing="in">Hidden</animation>
					<animation effect="rotatey" center="1020" start="60" end="60" time="0" condition="true">Conditional</animation>
					<control type="group">
						<control type="image">
							<posx>38</posx>
							<posy>15</posy>
							<width>248</width>
							<height>410</height>
							<texture background="true" diffuse="ClearCase/EmptyCaseMask.png">$INFO[Container(555).ListItem(0).Art(poster)]</texture>
							<aspectratio aligny="bottom">stretch</aspectratio>
						</control>
						<control type="image">
							<posx>38</posx>
							<posy>15</posy>
							<width>248</width>
							<height>410</height>
							<texture background="true" diffuse="ClearCase/EmptyCaseMask.png">black-back.png</texture>
							<colordiffuse>AAFFFFFF</colordiffuse>
							<aspectratio aligny="bottom">stretch</aspectratio>
						</control>
						<control type="image">
							<posx>38</posx>
							<posy>455</posy>
							<width>248</width>
							<height>410</height>
							<aspectratio aligny="top">stretch</aspectratio>
							<texture background="true" flipy="true" diffuse="diffuse_mirror2.png">$INFO[Container(555).ListItem(0).Art(poster)]</texture>
						</control>
						<control type="image">
							<posx>0</posx>
							<posy>0</posy>
							<width>300</width>
							<height>440</height>
							<aspectratio>stretch</aspectratio>
							<texture fallback="ClearCase/dv.png">$INFO[Container(555).ListItem(0).FileExtension,ClearCase/,.png]</texture>
						</control>
						<control type="image">
							<posx>0</posx>
							<posy>440</posy>
							<width>300</width>
							<height>440</height>
							<aspectratio aligny="top">stretch</aspectratio>
							<texture background="true" flipy="true" diffuse="diffuse_mirror2.png">ClearCase/ClearCase.png</texture>
						</control>
						<visible>!IsEmpty(Container(555).ListItem(0).Art(poster))</visible>
					</control>
					<control type="image">
						<posx>0</posx>
						<posy>0</posy>
						<width>300</width>
						<height>440</height>
						<aspectratio>stretch</aspectratio>
						<texture>$INFO[Container(555).ListItem(0).Icon]</texture>
						<visible>IsEmpty(Container(555).ListItem(0).Art(poster))</visible>
					</control>
					<control type="image">
						<posx>0</posx>
						<posy>0</posy>
						<width>300</width>
						<height>440</height>
						<aspectratio>stretch</aspectratio>
						<texture>black-back.png</texture>
						<colordiffuse>AAFFFFFF</colordiffuse>
						<visible>IsEmpty(Container(555).ListItem(0).Art(poster))</visible>
					</control>
				</control>
				<control type="group">
					<posx>490</posx>
					<visible>Container.OnNext</visible>
					<animation effect="rotatey" center="470" start="0" end="-60" time="250" reversible="false" tween="quadratic" easing="out">Hidden</animation>
					<control type="group">
						<control type="image">
							<posx>38</posx>
							<posy>15</posy>
							<width>248</width>
							<height>410</height>
							<texture background="true" diffuse="ClearCase/EmptyCaseMask.png">$INFO[Container(555).ListItem(-1).Art(poster)]</texture>
							<aspectratio aligny="bottom">stretch</aspectratio>
						</control>
						<control type="image">
							<posx>38</posx>
							<posy>15</posy>
							<width>248</width>
							<height>410</height>
							<texture background="true" diffuse="ClearCase/EmptyCaseMask.png">black-back.png</texture>
							<colordiffuse>AAFFFFFF</colordiffuse>
							<aspectratio aligny="bottom">stretch</aspectratio>
						</control>
						<control type="image">
							<posx>38</posx>
							<posy>455</posy>
							<width>248</width>
							<height>410</height>
							<aspectratio aligny="top">stretch</aspectratio>
							<texture background="true" flipy="true" diffuse="diffuse_mirror2.png">$INFO[Container(555).ListItem(-1).Art(poster)]</texture>
						</control>
						<control type="image">
							<posx>0</posx>
							<posy>0</posy>
							<width>300</width>
							<height>440</height>
							<aspectratio>stretch</aspectratio>
							<texture fallback="ClearCase/dv.png">$INFO[Container(555).ListItem(-1).FileExtension,ClearCase/,.png]</texture>
						</control>
						<control type="image">
							<posx>0</posx>
							<posy>440</posy>
							<width>300</width>
							<height>440</height>
							<aspectratio aligny="top">stretch</aspectratio>
							<texture background="true" flipy="true" diffuse="diffuse_mirror2.png">ClearCase/ClearCase.png</texture>
						</control>
						<visible>!IsEmpty(Container(555).ListItem(-1).Art(poster))</visible>
					</control>
					<control type="image">
						<posx>0</posx>
						<posy>0</posy>
						<width>300</width>
						<height>440</height>
						<aspectratio>stretch</aspectratio>
						<texture>$INFO[Container(555).ListItem(-1).Icon]</texture>
						<visible>IsEmpty(Container(555).ListItem(-1).Art(poster))</visible>
					</control>
					<control type="image">
						<posx>0</posx>
						<posy>0</posy>
						<width>300</width>
						<height>440</height>
						<aspectratio>stretch</aspectratio>
						<texture>black-back.png</texture>
						<colordiffuse>AAFFFFFF</colordiffuse>
						<visible>IsEmpty(Container(555).ListItem(-1).Art(poster))</visible>
					</control>
				</control>
			</control>
		</control>
		<control type="group" id="7002">
			<include>Window_OpenClose_Animation</include>
			<posy>150</posy>
			<visible>Control.IsVisible(555) + Container.OnPrevious</visible>
			<animation effect="slide" end="100,0" time="250" reversible="false">Hidden</animation>
			<control type="group">
				<posx>900</posx>
				<visible>Container.OnPrevious</visible>
				<animation effect="fade" start="100" end="0" time="250" reversible="false">Hidden</animation>
				<animation effect="rotatey" center="1220" start="60" end="60" time="0" condition="true">Conditional</animation>
				<control type="group">
					<control type="image">
						<posx>38</posx>
						<posy>15</posy>
						<width>248</width>
						<height>410</height>
						<texture background="true" diffuse="ClearCase/EmptyCaseMask.png">$INFO[Container(555).ListItem(4).Art(poster)]</texture>
						<aspectratio aligny="bottom">stretch</aspectratio>
					</control>
					<control type="image">
						<posx>38</posx>
						<posy>15</posy>
						<width>248</width>
						<height>410</height>
						<texture background="true" diffuse="ClearCase/EmptyCaseMask.png">black-back.png</texture>
						<colordiffuse>AAFFFFFF</colordiffuse>
						<aspectratio aligny="bottom">stretch</aspectratio>
					</control>
					<control type="image">
						<posx>38</posx>
						<posy>455</posy>
						<width>248</width>
						<height>410</height>
						<aspectratio aligny="top">stretch</aspectratio>
						<texture background="true" flipy="true" diffuse="diffuse_mirror2.png">$INFO[Container(555).ListItem(4).Art(poster)]</texture>
					</control>
					<control type="image">
						<posx>0</posx>
						<posy>0</posy>
						<width>300</width>
						<height>440</height>
						<aspectratio>stretch</aspectratio>
						<texture fallback="ClearCase/dv.png">$INFO[Container(555).ListItem(4).FileExtension,ClearCase/,.png]</texture>
					</control>
					<control type="image">
						<posx>0</posx>
						<posy>440</posy>
						<width>300</width>
						<height>440</height>
						<aspectratio aligny="top">stretch</aspectratio>
						<texture background="true" flipy="true" diffuse="diffuse_mirror2.png">ClearCase/ClearCase.png</texture>
					</control>
					<visible>!IsEmpty(Container(555).ListItem(4).Art(poster))</visible>
				</control>
				<control type="image">
					<posx>0</posx>
					<posy>0</posy>
					<width>300</width>
					<height>440</height>
					<aspectratio>stretch</aspectratio>
					<texture>$INFO[Container(555).ListItem(4).Icon]</texture>
					<visible>IsEmpty(Container(555).ListItem(4).Art(poster))</visible>
				</control>
				<control type="image">
					<posx>0</posx>
					<posy>0</posy>
					<width>300</width>
					<height>440</height>
					<aspectratio>stretch</aspectratio>
					<texture>black-back.png</texture>
					<colordiffuse>AAFFFFFF</colordiffuse>
					<visible>IsEmpty(Container(555).ListItem(4).Art(poster))</visible>
				</control>
			</control>
			<control type="group">
				<posx>800</posx>
				<animation effect="rotatey" center="1120" start="60" end="60" time="0" condition="true">Conditional</animation>
				<control type="group">
					<control type="image">
						<posx>38</posx>
						<posy>15</posy>
						<width>248</width>
						<height>410</height>
						<texture background="true" diffuse="ClearCase/EmptyCaseMask.png">$INFO[Container(555).ListItem(3).Art(poster)]</texture>
						<aspectratio aligny="bottom">stretch</aspectratio>
					</control>
					<control type="image">
						<posx>38</posx>
						<posy>15</posy>
						<width>248</width>
						<height>410</height>
						<texture background="true" diffuse="ClearCase/EmptyCaseMask.png">black-back.png</texture>
						<colordiffuse>AAFFFFFF</colordiffuse>
						<aspectratio aligny="bottom">stretch</aspectratio>
					</control>
					<control type="image">
						<posx>38</posx>
						<posy>455</posy>
						<width>248</width>
						<height>410</height>
						<aspectratio aligny="top">stretch</aspectratio>
						<texture background="true" flipy="true" diffuse="diffuse_mirror2.png">$INFO[Container(555).ListItem(3).Art(poster)]</texture>
					</control>
					<control type="image">
						<posx>0</posx>
						<posy>0</posy>
						<width>300</width>
						<height>440</height>
						<aspectratio>stretch</aspectratio>
						<texture fallback="ClearCase/dv.png">$INFO[Container(555).ListItem(3).FileExtension,ClearCase/,.png]</texture>
					</control>
					<control type="image">
						<posx>0</posx>
						<posy>440</posy>
						<width>300</width>
						<height>440</height>
						<aspectratio aligny="top">stretch</aspectratio>
						<texture background="true" flipy="true" diffuse="diffuse_mirror2.png">ClearCase/ClearCase.png</texture>
					</control>
					<visible>!IsEmpty(Container(555).ListItem(3).Art(poster))</visible>
				</control>
				<control type="image">
					<posx>0</posx>
					<posy>0</posy>
					<width>300</width>
					<height>440</height>
					<aspectratio>stretch</aspectratio>
					<texture>$INFO[Container(555).ListItem(3).Icon]</texture>
					<visible>IsEmpty(Container(555).ListItem(3).Art(poster))</visible>
				</control>
				<control type="image">
					<posx>0</posx>
					<posy>0</posy>
					<width>300</width>
					<height>440</height>
					<aspectratio>stretch</aspectratio>
					<texture>black-back.png</texture>
					<colordiffuse>AAFFFFFF</colordiffuse>
					<visible>IsEmpty(Container(555).ListItem(3).Art(poster))</visible>
				</control>
			</control>
			<control type="group">
				<posx>700</posx>
				<animation effect="rotatey" center="1020" start="60" end="60" time="0" condition="true">Conditional</animation>
				<control type="group">
					<control type="image">
						<posx>38</posx>
						<posy>15</posy>
						<width>248</width>
						<height>410</height>
						<texture background="true" diffuse="ClearCase/EmptyCaseMask.png">$INFO[Container(555).ListItem(2).Art(poster)]</texture>
						<aspectratio aligny="bottom">stretch</aspectratio>
					</control>
					<control type="image">
						<posx>38</posx>
						<posy>15</posy>
						<width>248</width>
						<height>410</height>
						<texture background="true" diffuse="ClearCase/EmptyCaseMask.png">black-back.png</texture>
						<colordiffuse>AAFFFFFF</colordiffuse>
						<aspectratio aligny="bottom">stretch</aspectratio>
					</control>
					<control type="image">
						<posx>38</posx>
						<posy>455</posy>
						<width>248</width>
						<height>410</height>
						<aspectratio aligny="top">stretch</aspectratio>
						<texture background="true" flipy="true" diffuse="diffuse_mirror2.png">$INFO[Container(555).ListItem(2).Art(poster)]</texture>
					</control>
					<control type="image">
						<posx>0</posx>
						<posy>0</posy>
						<width>300</width>
						<height>440</height>
						<aspectratio>stretch</aspectratio>
						<texture fallback="ClearCase/dv.png">$INFO[Container(555).ListItem(2).FileExtension(2),ClearCase/,.png]</texture>
					</control>
					<control type="image">
						<posx>0</posx>
						<posy>440</posy>
						<width>300</width>
						<height>440</height>
						<aspectratio aligny="top">stretch</aspectratio>
						<texture background="true" flipy="true" diffuse="diffuse_mirror2.png">ClearCase/ClearCase.png</texture>
					</control>
					<visible>!IsEmpty(Container(555).ListItem(2).Art(poster))</visible>
				</control>
				<control type="image">
					<posx>0</posx>
					<posy>0</posy>
					<width>300</width>
					<height>440</height>
					<aspectratio>stretch</aspectratio>
					<texture>$INFO[Container(555).ListItem(2).Icon]</texture>
					<visible>IsEmpty(Container(555).ListItem(2).Art(poster))</visible>
				</control>
				<control type="image">
					<posx>0</posx>
					<posy>0</posy>
					<width>300</width>
					<height>440</height>
					<aspectratio>stretch</aspectratio>
					<texture>black-back.png</texture>
					<colordiffuse>AAFFFFFF</colordiffuse>
					<visible>IsEmpty(Container(555).ListItem(2).Art(poster))</visible>
				</control>
			</control>
			<control type="group">
				<posx>-20</posx>
				<visible>!Container.OnPrevious</visible>
				<animation effect="fade" start="0" end="100" time="250" reversible="false">Visible</animation>
				<animation effect="rotatey" center="-40" start="-60" end="-60" time="0" condition="true">Conditional</animation>
				<control type="group">
					<control type="image">
						<posx>38</posx>
						<posy>15</posy>
						<width>248</width>
						<height>410</height>
						<texture background="true" diffuse="ClearCase/EmptyCaseMask.png">$INFO[Container(555).ListItem(-3).Art(poster)]</texture>
						<aspectratio aligny="bottom">stretch</aspectratio>
					</control>
					<control type="image">
						<posx>38</posx>
						<posy>15</posy>
						<width>248</width>
						<height>410</height>
						<texture background="true" diffuse="ClearCase/EmptyCaseMask.png">black-back.png</texture>
						<colordiffuse>AAFFFFFF</colordiffuse>
						<aspectratio aligny="bottom">stretch</aspectratio>
					</control>
					<control type="image">
						<posx>38</posx>
						<posy>455</posy>
						<width>248</width>
						<height>410</height>
						<aspectratio aligny="top">stretch</aspectratio>
						<texture background="true" flipy="true" diffuse="diffuse_mirror2.png">$INFO[Container(555).ListItem(-3).Art(poster)]</texture>
					</control>
					<control type="image">
						<posx>0</posx>
						<posy>0</posy>
						<width>300</width>
						<height>440</height>
						<aspectratio>stretch</aspectratio>
						<texture fallback="ClearCase/dv.png">$INFO[Container(555).ListItem(-3).FileExtension,ClearCase/,.png]</texture>
					</control>
					<control type="image">
						<posx>0</posx>
						<posy>440</posy>
						<width>300</width>
						<height>440</height>
						<aspectratio aligny="top">stretch</aspectratio>
						<texture background="true" flipy="true" diffuse="diffuse_mirror2.png">ClearCase/ClearCase.png</texture>
					</control>
					<visible>!IsEmpty(Container(555).ListItem(-3).Art(poster))</visible>
				</control>
				<control type="image">
					<posx>0</posx>
					<posy>0</posy>
					<width>300</width>
					<height>440</height>
					<aspectratio>stretch</aspectratio>
					<texture>$INFO[Container(555).ListItem(-3).Icon]</texture>
					<visible>IsEmpty(Container(555).ListItem(-3).Art(poster))</visible>
				</control>
				<control type="image">
					<posx>0</posx>
					<posy>0</posy>
					<width>300</width>
					<height>440</height>
					<aspectratio>stretch</aspectratio>
					<texture>black-back.png</texture>
					<colordiffuse>AAFFFFFF</colordiffuse>
					<visible>IsEmpty(Container(555).ListItem(-3).Art(poster))</visible>
				</control>
			</control>
			<control type="group">
				<posx>80</posx>
				<animation effect="rotatey" center="60" start="-60" end="-60" time="0" condition="true">Conditional</animation>
				<control type="group">
					<control type="image">
						<posx>38</posx>
						<posy>15</posy>
						<width>248</width>
						<height>410</height>
						<texture background="true" diffuse="ClearCase/EmptyCaseMask.png">$INFO[Container(555).ListItem(-2).Art(poster)]</texture>
						<aspectratio aligny="bottom">stretch</aspectratio>
					</control>
					<control type="image">
						<posx>38</posx>
						<posy>15</posy>
						<width>248</width>
						<height>410</height>
						<texture background="true" diffuse="ClearCase/EmptyCaseMask.png">black-back.png</texture>
						<colordiffuse>AAFFFFFF</colordiffuse>
						<aspectratio aligny="bottom">stretch</aspectratio>
					</control>
					<control type="image">
						<posx>38</posx>
						<posy>455</posy>
						<width>248</width>
						<height>410</height>
						<aspectratio aligny="top">stretch</aspectratio>
						<texture background="true" flipy="true" diffuse="diffuse_mirror2.png">$INFO[Container(555).ListItem(-2).Art(poster)]</texture>
					</control>
					<control type="image">
						<posx>0</posx>
						<posy>0</posy>
						<width>300</width>
						<height>440</height>
						<aspectratio>stretch</aspectratio>
						<texture fallback="ClearCase/dv.png">$INFO[Container(555).ListItem(-2).FileExtension,ClearCase/,.png]</texture>
					</control>
					<control type="image">
						<posx>0</posx>
						<posy>440</posy>
						<width>300</width>
						<height>440</height>
						<aspectratio aligny="top">stretch</aspectratio>
						<texture background="true" flipy="true" diffuse="diffuse_mirror2.png">ClearCase/ClearCase.png</texture>
					</control>
					<visible>!IsEmpty(Container(555).ListItem(-2).Art(poster))</visible>
				</control>
				<control type="image">
					<posx>0</posx>
					<posy>0</posy>
					<width>300</width>
					<height>440</height>
					<aspectratio>stretch</aspectratio>
					<texture>$INFO[Container(555).ListItem(-2).Icon]</texture>
					<visible>IsEmpty(Container(555).ListItem(-2).Art(poster))</visible>
				</control>
				<control type="image">
					<posx>0</posx>
					<posy>0</posy>
					<width>300</width>
					<height>440</height>
					<aspectratio>stretch</aspectratio>
					<texture>black-back.png</texture>
					<colordiffuse>AAFFFFFF</colordiffuse>
					<visible>IsEmpty(Container(555).ListItem(-2).Art(poster))</visible>
				</control>
			</control>
			<control type="group">
				<posx>180</posx>
				<animation effect="rotatey" center="160" start="-60" end="-60" time="0" condition="true">Conditional</animation>
				<control type="group">
					<control type="image">
						<posx>38</posx>
						<posy>15</posy>
						<width>248</width>
						<height>410</height>
						<texture background="true" diffuse="ClearCase/EmptyCaseMask.png">$INFO[Container(555).ListItem(-1).Art(poster)]</texture>
						<aspectratio aligny="bottom">stretch</aspectratio>
					</control>
					<control type="image">
						<posx>38</posx>
						<posy>15</posy>
						<width>248</width>
						<height>410</height>
						<texture background="true" diffuse="ClearCase/EmptyCaseMask.png">black-back.png</texture>
						<colordiffuse>AAFFFFFF</colordiffuse>
						<aspectratio aligny="bottom">stretch</aspectratio>
					</control>
					<control type="image">
						<posx>38</posx>
						<posy>455</posy>
						<width>248</width>
						<height>410</height>
						<aspectratio aligny="top">stretch</aspectratio>
						<texture background="true" flipy="true" diffuse="diffuse_mirror2.png">$INFO[Container(555).ListItem(-1).Art(poster)]</texture>
					</control>
					<control type="image">
						<posx>0</posx>
						<posy>0</posy>
						<width>300</width>
						<height>440</height>
						<aspectratio>stretch</aspectratio>
						<texture fallback="ClearCase/dv.png">$INFO[Container(555).ListItem(-1).FileExtension,ClearCase/,.png]</texture>
					</control>
					<control type="image">
						<posx>0</posx>
						<posy>440</posy>
						<width>300</width>
						<height>440</height>
						<aspectratio aligny="top">stretch</aspectratio>
						<texture background="true" flipy="true" diffuse="diffuse_mirror2.png">ClearCase/ClearCase.png</texture>
					</control>
					<visible>!IsEmpty(Container(555).ListItem(-1).Art(poster))</visible>
				</control>
				<control type="image">
					<posx>0</posx>
					<posy>0</posy>
					<width>300</width>
					<height>440</height>
					<aspectratio>stretch</aspectratio>
					<texture>$INFO[Container(555).ListItem(-1).Icon]</texture>
					<visible>IsEmpty(Container(555).ListItem(-1).Art(poster))</visible>
				</control>
				<control type="image">
					<posx>0</posx>
					<posy>0</posy>
					<width>300</width>
					<height>440</height>
					<aspectratio>stretch</aspectratio>
					<texture>black-back.png</texture>
					<colordiffuse>AAFFFFFF</colordiffuse>
					<visible>IsEmpty(Container(555).ListItem(-1).Art(poster))</visible>
				</control>
			</control>
			<control type="group">
				<visible>Container.OnPrevious</visible>
				<animation effect="slide" end="110,0" time="250" reversible="false">Hidden</animation>
				<control type="group">
					<posx>280</posx>
					<visible>Container.OnPrevious</visible>
					<animation effect="rotatey" center="260" start="0" end="60" time="250" reversible="false" tween="quadratic" easing="in">Hidden</animation>
					<animation effect="rotatey" center="260" start="-60" end="-60" time="0" condition="true">Conditional</animation>
					<control type="group">
						<control type="image">
							<posx>38</posx>
							<posy>15</posy>
							<width>248</width>
							<height>410</height>
							<texture background="true" diffuse="ClearCase/EmptyCaseMask.png">$INFO[Container(555).ListItem(0).Art(poster)]</texture>
							<aspectratio aligny="bottom">stretch</aspectratio>
						</control>
						<control type="image">
							<posx>38</posx>
							<posy>15</posy>
							<width>248</width>
							<height>410</height>
							<texture background="true" diffuse="ClearCase/EmptyCaseMask.png">black-back.png</texture>
							<colordiffuse>AAFFFFFF</colordiffuse>
							<aspectratio aligny="bottom">stretch</aspectratio>
						</control>
						<control type="image">
							<posx>38</posx>
							<posy>455</posy>
							<width>248</width>
							<height>410</height>
							<aspectratio aligny="top">stretch</aspectratio>
							<texture background="true" flipy="true" diffuse="diffuse_mirror2.png">$INFO[Container(555).ListItem(0).Art(poster)]</texture>
						</control>
						<control type="image">
							<posx>0</posx>
							<posy>0</posy>
							<width>300</width>
							<height>440</height>
							<aspectratio>stretch</aspectratio>
							<texture fallback="ClearCase/dv.png">$INFO[Container(555).ListItem(0).FileExtension,ClearCase/,.png]</texture>
						</control>
						<control type="image">
							<posx>0</posx>
							<posy>440</posy>
							<width>300</width>
							<height>440</height>
							<aspectratio aligny="top">stretch</aspectratio>
							<texture background="true" flipy="true" diffuse="diffuse_mirror2.png">ClearCase/ClearCase.png</texture>
						</control>
						<visible>!IsEmpty(Container(555).ListItem(0).Art(poster))</visible>
					</control>
					<control type="image">
						<posx>0</posx>
						<posy>0</posy>
						<width>300</width>
						<height>440</height>
						<aspectratio>stretch</aspectratio>
						<texture>$INFO[Container(555).ListItem(0).Icon]</texture>
						<visible>IsEmpty(Container(555).ListItem(0).Art(poster))</visible>
					</control>
					<control type="image">
						<posx>0</posx>
						<posy>0</posy>
						<width>300</width>
						<height>440</height>
						<aspectratio>stretch</aspectratio>
						<texture>black-back.png</texture>
						<colordiffuse>AAFFFFFF</colordiffuse>
						<visible>IsEmpty(Container(555).ListItem(0).Art(poster))</visible>
					</control>
				</control>
				<control type="group">
					<posx>490</posx>
					<visible>Container.OnPrevious</visible>
					<animation effect="rotatey" center="810" start="0" end="60" time="250" reversible="false" tween="quadratic" easing="out">Hidden</animation>
					<control type="group">
						<control type="image">
							<posx>38</posx>
							<posy>15</posy>
							<width>248</width>
							<height>410</height>
							<texture background="true" diffuse="ClearCase/EmptyCaseMask.png">$INFO[Container(555).ListItem(1).Art(poster)]</texture>
							<aspectratio aligny="bottom">stretch</aspectratio>
						</control>
						<control type="image">
							<posx>38</posx>
							<posy>15</posy>
							<width>248</width>
							<height>410</height>
							<texture background="true" diffuse="ClearCase/EmptyCaseMask.png">black-back.png</texture>
							<colordiffuse>AAFFFFFF</colordiffuse>
							<aspectratio aligny="bottom">stretch</aspectratio>
						</control>
						<control type="image">
							<posx>38</posx>
							<posy>455</posy>
							<width>248</width>
							<height>410</height>
							<aspectratio aligny="top">stretch</aspectratio>
							<texture background="true" flipy="true" diffuse="diffuse_mirror2.png">$INFO[Container(555).ListItem(1).Art(poster)]</texture>
						</control>
						<control type="image">
							<posx>0</posx>
							<posy>0</posy>
							<width>300</width>
							<height>440</height>
							<aspectratio>stretch</aspectratio>
							<texture fallback="ClearCase/dv.png">$INFO[Container(555).ListItem(1).FileExtension,ClearCase/,.png]</texture>
						</control>
						<control type="image">
							<posx>0</posx>
							<posy>440</posy>
							<width>300</width>
							<height>440</height>
							<aspectratio aligny="top">stretch</aspectratio>
							<texture background="true" flipy="true" diffuse="diffuse_mirror2.png">ClearCase/ClearCase.png</texture>
						</control>
						<visible>!IsEmpty(Container(555).ListItem(1).Art(poster))</visible>
					</control>
					<control type="image">
						<posx>0</posx>
						<posy>0</posy>
						<width>300</width>
						<height>440</height>
						<aspectratio>stretch</aspectratio>
						<texture>$INFO[Container(555).ListItem(1).Icon]</texture>
						<visible>IsEmpty(Container(555).ListItem(1).Art(poster))</visible>
					</control>
					<control type="image">
						<posx>0</posx>
						<posy>0</posy>
						<width>300</width>
						<height>440</height>
						<aspectratio>stretch</aspectratio>
						<texture>black-back.png</texture>
						<colordiffuse>AAFFFFFF</colordiffuse>
						<visible>IsEmpty(Container(555).ListItem(1).Art(poster))</visible>
					</control>
				</control>
			</control>
		</control>
		<control type="group" id="7000">
			<include>Window_OpenClose_Animation</include>
			<posy>150</posy>
			<visible>Control.IsVisible(555) + !Control.IsVisible(7001)  + !Control.IsVisible(7002)</visible>
			<control type="group">
				<posx>80</posx>
				<animation effect="rotatey" center="60" start="-60" end="-60" time="0" condition="true">Conditional</animation>
				<control type="group">
					<control type="image">
						<posx>38</posx>
						<posy>15</posy>
						<width>248</width>
						<height>410</height>
						<texture background="true" diffuse="ClearCase/EmptyCaseMask.png">$INFO[Container(555).ListItem(-3).Art(poster)]</texture>
						<aspectratio aligny="bottom">stretch</aspectratio>
					</control>
					<control type="image">
						<posx>38</posx>
						<posy>15</posy>
						<width>248</width>
						<height>410</height>
						<texture background="true" diffuse="ClearCase/EmptyCaseMask.png">black-back.png</texture>
						<colordiffuse>AAFFFFFF</colordiffuse>
						<aspectratio aligny="bottom">stretch</aspectratio>
					</control>
					<control type="image">
						<posx>38</posx>
						<posy>455</posy>
						<width>248</width>
						<height>410</height>
						<aspectratio aligny="top">stretch</aspectratio>
						<texture background="true" flipy="true" diffuse="diffuse_mirror2.png">$INFO[Container(555).ListItem(-3).Art(poster)]</texture>
					</control>
					<control type="image">
						<posx>0</posx>
						<posy>0</posy>
						<width>300</width>
						<height>440</height>
						<aspectratio>stretch</aspectratio>
						<texture fallback="ClearCase/dv.png">$INFO[Container(555).ListItem(-3).FileExtension,ClearCase/,.png]</texture>
					</control>
					<control type="image">
						<posx>0</posx>
						<posy>440</posy>
						<width>300</width>
						<height>440</height>
						<aspectratio aligny="top">stretch</aspectratio>
						<texture background="true" flipy="true" diffuse="diffuse_mirror2.png">ClearCase/ClearCase.png</texture>
					</control>
					<visible>!IsEmpty(Container(555).ListItem(-3).Art(poster))</visible>
				</control>
				<control type="image">
					<posx>0</posx>
					<posy>0</posy>
					<width>300</width>
					<height>440</height>
					<aspectratio>stretch</aspectratio>
					<texture>$INFO[Container(555).ListItem(-3).Icon]</texture>
					<visible>IsEmpty(Container(555).ListItem(-3).Art(poster))</visible>
				</control>
				<control type="image">
					<posx>0</posx>
					<posy>0</posy>
					<width>300</width>
					<height>440</height>
					<aspectratio>stretch</aspectratio>
					<texture>black-back.png</texture>
					<colordiffuse>AAFFFFFF</colordiffuse>
					<visible>IsEmpty(Container(555).ListItem(-3).Art(poster))</visible>
				</control>
			</control>
			<control type="group">
				<posx>180</posx>
				<animation effect="rotatey" center="160" start="-60" end="-60" time="0" condition="true">Conditional</animation>
				<control type="group">
					<control type="image">
						<posx>38</posx>
						<posy>15</posy>
						<width>248</width>
						<height>410</height>
						<texture background="true" diffuse="ClearCase/EmptyCaseMask.png">$INFO[Container(555).ListItem(-2).Art(poster)]</texture>
						<aspectratio aligny="bottom">stretch</aspectratio>
					</control>
					<control type="image">
						<posx>38</posx>
						<posy>15</posy>
						<width>248</width>
						<height>410</height>
						<texture background="true" diffuse="ClearCase/EmptyCaseMask.png">black-back.png</texture>
						<colordiffuse>AAFFFFFF</colordiffuse>
						<aspectratio aligny="bottom">stretch</aspectratio>
					</control>
					<control type="image">
						<posx>38</posx>
						<posy>455</posy>
						<width>248</width>
						<height>410</height>
						<aspectratio aligny="top">stretch</aspectratio>
						<texture background="true" flipy="true" diffuse="diffuse_mirror2.png">$INFO[Container(555).ListItem(-2).Art(poster)]</texture>
					</control>
					<control type="image">
						<posx>0</posx>
						<posy>0</posy>
						<width>300</width>
						<height>440</height>
						<aspectratio>stretch</aspectratio>
						<texture fallback="ClearCase/dv.png">$INFO[Container(555).ListItem(-2).FileExtension,ClearCase/,.png]</texture>
					</control>
					<control type="image">
						<posx>0</posx>
						<posy>440</posy>
						<width>300</width>
						<height>440</height>
						<aspectratio aligny="top">stretch</aspectratio>
						<texture background="true" flipy="true" diffuse="diffuse_mirror2.png">ClearCase/ClearCase.png</texture>
					</control>
					<visible>!IsEmpty(Container(555).ListItem(-2).Art(poster))</visible>
				</control>
				<control type="image">
					<posx>0</posx>
					<posy>0</posy>
					<width>300</width>
					<height>440</height>
					<aspectratio>stretch</aspectratio>
					<texture>$INFO[Container(555).ListItem(-2).Icon]</texture>
					<visible>IsEmpty(Container(555).ListItem(-2).Art(poster))</visible>
				</control>
				<control type="image">
					<posx>0</posx>
					<posy>0</posy>
					<width>300</width>
					<height>440</height>
					<aspectratio>stretch</aspectratio>
					<texture>black-back.png</texture>
					<colordiffuse>AAFFFFFF</colordiffuse>
					<visible>IsEmpty(Container(555).ListItem(-2).Art(poster))</visible>
				</control>
			</control>
			<control type="group">
				<posx>280</posx>
				<animation effect="rotatey" center="260" start="-60" end="-60" time="0" condition="true">Conditional</animation>
				<control type="group">
					<control type="image">
						<posx>38</posx>
						<posy>15</posy>
						<width>248</width>
						<height>410</height>
						<texture background="true" diffuse="ClearCase/EmptyCaseMask.png">$INFO[Container(555).ListItem(-1).Art(poster)]</texture>
						<aspectratio aligny="bottom">stretch</aspectratio>
					</control>
					<control type="image">
						<posx>38</posx>
						<posy>15</posy>
						<width>248</width>
						<height>410</height>
						<texture background="true" diffuse="ClearCase/EmptyCaseMask.png">black-back.png</texture>
						<colordiffuse>AAFFFFFF</colordiffuse>
						<aspectratio aligny="bottom">stretch</aspectratio>
					</control>
					<control type="image">
						<posx>38</posx>
						<posy>455</posy>
						<width>248</width>
						<height>410</height>
						<aspectratio aligny="top">stretch</aspectratio>
						<texture background="true" flipy="true" diffuse="diffuse_mirror2.png">$INFO[Container(555).ListItem(-1).Art(poster)]</texture>
					</control>
					<control type="image">
						<posx>0</posx>
						<posy>0</posy>
						<width>300</width>
						<height>440</height>
						<aspectratio>stretch</aspectratio>
						<texture fallback="ClearCase/dv.png">$INFO[Container(555).ListItem(-1).FileExtension,ClearCase/,.png]</texture>
					</control>
					<control type="image">
						<posx>0</posx>
						<posy>440</posy>
						<width>300</width>
						<height>440</height>
						<aspectratio aligny="top">stretch</aspectratio>
						<texture background="true" flipy="true" diffuse="diffuse_mirror2.png">ClearCase/ClearCase.png</texture>
					</control>
					<visible>!IsEmpty(Container(555).ListItem(-1).Art(poster))</visible>
				</control>
				<control type="image">
					<posx>0</posx>
					<posy>0</posy>
					<width>300</width>
					<height>440</height>
					<aspectratio>stretch</aspectratio>
					<texture>$INFO[Container(555).ListItem(-1).Icon]</texture>
					<visible>IsEmpty(Container(555).ListItem(-1).Art(poster))</visible>
				</control>
				<control type="image">
					<posx>0</posx>
					<posy>0</posy>
					<width>300</width>
					<height>440</height>
					<aspectratio>stretch</aspectratio>
					<texture>black-back.png</texture>
					<colordiffuse>AAFFFFFF</colordiffuse>
					<visible>IsEmpty(Container(555).ListItem(-1).Art(poster))</visible>
				</control>
			</control>
			<control type="group">
				<posx>900</posx>
				<animation effect="rotatey" center="1220" start="60" end="60" time="0" condition="true">Conditional</animation>
				<control type="group">
					<control type="image">
						<posx>38</posx>
						<posy>15</posy>
						<width>248</width>
						<height>410</height>
						<texture background="true" diffuse="ClearCase/EmptyCaseMask.png">$INFO[Container(555).ListItem(3).Art(poster)]</texture>
						<aspectratio aligny="bottom">stretch</aspectratio>
					</control>
					<control type="image">
						<posx>38</posx>
						<posy>15</posy>
						<width>248</width>
						<height>410</height>
						<texture background="true" diffuse="ClearCase/EmptyCaseMask.png">black-back.png</texture>
						<colordiffuse>AAFFFFFF</colordiffuse>
						<aspectratio aligny="bottom">stretch</aspectratio>
					</control>
					<control type="image">
						<posx>38</posx>
						<posy>455</posy>
						<width>248</width>
						<height>410</height>
						<aspectratio aligny="top">stretch</aspectratio>
						<texture background="true" flipy="true" diffuse="diffuse_mirror2.png">$INFO[Container(555).ListItem(3).Art(poster)]</texture>
					</control>
					<control type="image">
						<posx>0</posx>
						<posy>0</posy>
						<width>300</width>
						<height>440</height>
						<aspectratio>stretch</aspectratio>
						<texture fallback="ClearCase/dv.png">$INFO[Container(555).ListItem(3).FileExtension,ClearCase/,.png]</texture>
					</control>
					<control type="image">
						<posx>0</posx>
						<posy>440</posy>
						<width>300</width>
						<height>440</height>
						<aspectratio aligny="top">stretch</aspectratio>
						<texture background="true" flipy="true" diffuse="diffuse_mirror2.png">ClearCase/ClearCase.png</texture>
					</control>
					<visible>!IsEmpty(Container(555).ListItem(3).Art(poster))</visible>
				</control>
				<control type="image">
					<posx>0</posx>
					<posy>0</posy>
					<width>300</width>
					<height>440</height>
					<aspectratio>stretch</aspectratio>
					<texture>$INFO[Container(555).ListItem(3).Icon]</texture>
					<visible>IsEmpty(Container(555).ListItem(3).Art(poster))</visible>
				</control>
				<control type="image">
					<posx>0</posx>
					<posy>0</posy>
					<width>300</width>
					<height>440</height>
					<aspectratio>stretch</aspectratio>
					<texture>black-back.png</texture>
					<colordiffuse>AAFFFFFF</colordiffuse>
					<visible>IsEmpty(Container(555).ListItem(3).Art(poster))</visible>
				</control>
			</control>
			<control type="group">
				<posx>800</posx>
				<animation effect="rotatey" center="1120" start="60" end="60" time="0" condition="true">Conditional</animation>
				<control type="group">
					<control type="image">
						<posx>38</posx>
						<posy>15</posy>
						<width>248</width>
						<height>410</height>
						<texture background="true" diffuse="ClearCase/EmptyCaseMask.png">$INFO[Container(555).ListItem(2).Art(poster)]</texture>
						<aspectratio aligny="bottom">stretch</aspectratio>
					</control>
					<control type="image">
						<posx>38</posx>
						<posy>15</posy>
						<width>248</width>
						<height>410</height>
						<texture background="true" diffuse="ClearCase/EmptyCaseMask.png">black-back.png</texture>
						<colordiffuse>AAFFFFFF</colordiffuse>
						<aspectratio aligny="bottom">stretch</aspectratio>
					</control>
					<control type="image">
						<posx>38</posx>
						<posy>455</posy>
						<width>248</width>
						<height>410</height>
						<aspectratio aligny="top">stretch</aspectratio>
						<texture background="true" flipy="true" diffuse="diffuse_mirror2.png">$INFO[Container(555).ListItem(2).Art(poster)]</texture>
					</control>
					<control type="image">
						<posx>0</posx>
						<posy>0</posy>
						<width>300</width>
						<height>440</height>
						<aspectratio>stretch</aspectratio>
						<texture fallback="ClearCase/dv.png">$INFO[Container(555).ListItem(2).FileExtension,ClearCase/,.png]</texture>
					</control>
					<control type="image">
						<posx>0</posx>
						<posy>440</posy>
						<width>300</width>
						<height>440</height>
						<aspectratio aligny="top">stretch</aspectratio>
						<texture background="true" flipy="true" diffuse="diffuse_mirror2.png">ClearCase/ClearCase.png</texture>
					</control>
					<visible>!IsEmpty(Container(555).ListItem(2).Art(poster))</visible>
				</control>
				<control type="image">
					<posx>0</posx>
					<posy>0</posy>
					<width>300</width>
					<height>440</height>
					<aspectratio>stretch</aspectratio>
					<texture>$INFO[Container(555).ListItem(2).Icon]</texture>
					<visible>IsEmpty(Container(555).ListItem(2).Art(poster))</visible>
				</control>
				<control type="image">
					<posx>0</posx>
					<posy>0</posy>
					<width>300</width>
					<height>440</height>
					<aspectratio>stretch</aspectratio>
					<texture>black-back.png</texture>
					<colordiffuse>AAFFFFFF</colordiffuse>
					<visible>IsEmpty(Container(555).ListItem(2).Art(poster))</visible>
				</control>
			</control>
			<control type="group">
				<posx>700</posx>
				<animation effect="rotatey" center="1020" start="60" end="60" time="0" condition="true">Conditional</animation>
				<control type="group">
					<control type="image">
						<posx>38</posx>
						<posy>15</posy>
						<width>248</width>
						<height>410</height>
						<texture background="true" diffuse="ClearCase/EmptyCaseMask.png">$INFO[Container(555).ListItem(1).Art(poster)]</texture>
						<aspectratio aligny="bottom">stretch</aspectratio>
					</control>
					<control type="image">
						<posx>38</posx>
						<posy>15</posy>
						<width>248</width>
						<height>410</height>
						<texture background="true" diffuse="ClearCase/EmptyCaseMask.png">black-back.png</texture>
						<colordiffuse>AAFFFFFF</colordiffuse>
						<aspectratio aligny="bottom">stretch</aspectratio>
					</control>
					<control type="image">
						<posx>38</posx>
						<posy>455</posy>
						<width>248</width>
						<height>410</height>
						<aspectratio aligny="top">stretch</aspectratio>
						<texture background="true" flipy="true" diffuse="diffuse_mirror2.png">$INFO[Container(555).ListItem(1).Art(poster)]</texture>
					</control>
					<control type="image">
						<posx>0</posx>
						<posy>0</posy>
						<width>300</width>
						<height>440</height>
						<aspectratio>stretch</aspectratio>
						<texture fallback="ClearCase/dv.png">$INFO[Container(555).ListItem(1).FileExtension,ClearCase/,.png]</texture>
					</control>
					<control type="image">
						<posx>0</posx>
						<posy>440</posy>
						<width>300</width>
						<height>440</height>
						<aspectratio aligny="top">stretch</aspectratio>
						<texture background="true" flipy="true" diffuse="diffuse_mirror2.png">ClearCase/ClearCase.png</texture>
					</control>
					<visible>!IsEmpty(Container(555).ListItem(1).Art(poster))</visible>
				</control>
				<control type="image">
					<posx>0</posx>
					<posy>0</posy>
					<width>300</width>
					<height>440</height>
					<aspectratio>stretch</aspectratio>
					<texture>$INFO[Container(555).ListItem(1).Icon]</texture>
					<visible>IsEmpty(Container(555).ListItem(1).Art(poster))</visible>
				</control>
				<control type="image">
					<posx>0</posx>
					<posy>0</posy>
					<width>300</width>
					<height>440</height>
					<aspectratio>stretch</aspectratio>
					<texture>black-back.png</texture>
					<colordiffuse>AAFFFFFF</colordiffuse>
					<visible>IsEmpty(Container(555).ListItem(1).Art(poster))</visible>
				</control>
			</control>
			<control type="group">
				<posx>490</posx>
				<control type="group">
					<visible>Control.HasFocus(555)</visible>
					<visible>!IsEmpty(Container(555).ListItem(0).Art(poster))</visible>
					<control type="image">
						<posx>38</posx>
						<posy>15</posy>
						<width>248</width>
						<height>410</height>
						<texture background="true" diffuse="ClearCase/EmptyCaseMask.png">$INFO[Container(555).ListItem(0).Art(poster)]</texture>
						<aspectratio aligny="bottom">stretch</aspectratio>
					</control>
					<control type="image">
						<posx>38</posx>
						<posy>15</posy>
						<width>248</width>
						<height>410</height>
						<texture background="true" diffuse="ClearCase/EmptyCaseMask.png">black-back.png</texture>
						<colordiffuse>AAFFFFFF</colordiffuse>
						<aspectratio aligny="bottom">stretch</aspectratio>
					</control>
					<control type="image">
						<posx>38</posx>
						<posy>455</posy>
						<width>248</width>
						<height>410</height>
						<aspectratio aligny="top">stretch</aspectratio>
						<texture background="true" flipy="true" diffuse="diffuse_mirror2.png">$INFO[Container(555).ListItem(0).Art(poster)]</texture>
					</control>
					<control type="image">
						<posx>0</posx>
						<posy>0</posy>
						<width>300</width>
						<height>440</height>
						<aspectratio>stretch</aspectratio>
						<texture fallback="ClearCase/dv.png">$INFO[Container(555).ListItem(0).FileExtension,ClearCase/,.png]</texture>
					</control>
					<control type="image">
						<posx>0</posx>
						<posy>440</posy>
						<width>300</width>
						<height>440</height>
						<aspectratio aligny="top">stretch</aspectratio>
						<texture background="true" flipy="true" diffuse="diffuse_mirror2.png">ClearCase/ClearCase.png</texture>
					</control>
				</control>
				<control type="image">
					<posx>0</posx>
					<posy>0</posy>
					<width>300</width>
					<height>440</height>
					<aspectratio>stretch</aspectratio>
					<texture>$INFO[Container(555).ListItem(0).Icon]</texture>
					<visible>Control.HasFocus(555)</visible>
					<visible>IsEmpty(Container(555).ListItem(0).Art(poster))</visible>
				</control>
				<control type="image">
					<posx>0</posx>
					<posy>0</posy>
					<width>300</width>
					<height>440</height>
					<aspectratio>stretch</aspectratio>
					<texture>black-back.png</texture>
					<colordiffuse>AAFFFFFF</colordiffuse>
					<visible>Control.HasFocus(555)</visible>
					<visible>IsEmpty(Container(555).ListItem(0).Art(poster))</visible>
				</control>
			</control>
			<control type="group">
				<posx>490</posx>
				<control type="group">
					<visible>!Control.HasFocus(555)</visible>
					<visible>!IsEmpty(Container(555).ListItem(0).Art(poster))</visible>
					<control type="image">
						<posx>38</posx>
						<posy>15</posy>
						<width>248</width>
						<height>410</height>
						<texture background="true" diffuse="ClearCase/EmptyCaseMask.png">$INFO[Container(555).ListItem(0).Art(poster)]</texture>
						<aspectratio aligny="bottom">stretch</aspectratio>
					</control>
					<control type="image">
						<posx>38</posx>
						<posy>15</posy>
						<width>248</width>
						<height>410</height>
						<texture background="true" diffuse="ClearCase/EmptyCaseMask.png">black-back.png</texture>
						<colordiffuse>AAFFFFFF</colordiffuse>
						<aspectratio aligny="bottom">stretch</aspectratio>
					</control>
					<control type="image">
						<posx>38</posx>
						<posy>455</posy>
						<width>248</width>
						<height>410</height>
						<aspectratio aligny="top">stretch</aspectratio>
						<texture background="true" flipy="true" diffuse="diffuse_mirror2.png">$INFO[Container(555).ListItem(0).Art(poster)]</texture>
					</control>
					<control type="image">
						<posx>0</posx>
						<posy>0</posy>
						<width>300</width>
						<height>440</height>
						<aspectratio>stretch</aspectratio>
						<texture fallback="ClearCase/dv.png">$INFO[Container(555).ListItem(0).FileExtension,ClearCase/,.png]</texture>
					</control>
					<control type="image">
						<posx>0</posx>
						<posy>440</posy>
						<width>300</width>
						<height>440</height>
						<aspectratio aligny="top">stretch</aspectratio>
						<texture background="true" flipy="true" diffuse="diffuse_mirror2.png">ClearCase/ClearCase.png</texture>
					</control>
				</control>
				<control type="image">
					<posx>0</posx>
					<posy>0</posy>
					<width>300</width>
					<height>440</height>
					<aspectratio>stretch</aspectratio>
					<texture>$INFO[Container(555).ListItem(0).Icon]</texture>
					<visible>!Control.HasFocus(555)</visible>
					<visible>IsEmpty(Container(555).ListItem(0).Art(poster))</visible>
				</control>
				<control type="image">
					<posx>0</posx>
					<posy>0</posy>
					<width>300</width>
					<height>440</height>
					<aspectratio>stretch</aspectratio>
					<texture>black-back.png</texture>
					<colordiffuse>AAFFFFFF</colordiffuse>
					<visible>!Control.HasFocus(555)</visible>
					<visible>IsEmpty(Container(555).ListItem(0).Art(poster))</visible>
				</control>
			</control>
		</control>
		<control type="wraplist" id="555">
			<description>Fake list to control coverflow movement</description>
			<include>Window_OpenClose_Animation</include>
			<visible>Container.Content(Movies) | Container.Content(Seasons) | Container.Content(TVShows) | Container.Content(MusicVideos)</visible>
			<posx>490</posx>
			<posy>150</posy>
			<width>306</width>
			<height>440</height>
			<onleft>57</onleft>
			<onright>57</onright>
			<onup>9000</onup>
			<ondown>60</ondown>
			<viewtype label="31036">list</viewtype>
			<pagecontrol>60</pagecontrol>
			<orientation>horizontal</orientation>
			<scrolltime>250</scrolltime>
			<focusedposition>3</focusedposition>
			<itemlayout height="1" width="1"></itemlayout>
			<focusedlayout height="440" width="300">
				<control type="group">
					<visible>!Control.IsVisible(7001) + !Control.IsVisible(7002)</visible>
					<visible>!IsEmpty(ListItem.Art(poster))</visible>
					<control type="image">
						<posx>38</posx>
						<posy>15</posy>
						<width>248</width>
						<height>410</height>
						<texture background="true" diffuse="ClearCase/EmptyCaseMask.png">$INFO[ListItem.Art(poster)]</texture>
						<aspectratio aligny="bottom">stretch</aspectratio>
					</control>
					<control type="image">
						<posx>38</posx>
						<posy>15</posy>
						<width>248</width>
						<height>410</height>
						<texture background="true" diffuse="ClearCase/EmptyCaseMask.png">black-back.png</texture>
						<colordiffuse>AAFFFFFF</colordiffuse>
						<aspectratio aligny="bottom">stretch</aspectratio>
						<visible>!Control.HasFocus(555)</visible>
					</control>
					<control type="image">
						<posx>38</posx>
						<posy>455</posy>
						<width>248</width>
						<height>410</height>
						<aspectratio aligny="top">stretch</aspectratio>
						<texture background="true" flipy="true" diffuse="diffuse_mirror2.png">$INFO[ListItem.Art(poster)]</texture>
					</control>
					<control type="image">
						<posx>0</posx>
						<posy>0</posy>
						<width>300</width>
						<height>440</height>
						<aspectratio>stretch</aspectratio>
						<texture fallback="ClearCase/dv.png">$INFO[ListItem.FileExtension,ClearCase/,.png]</texture>
					</control>
				</control>
				<control type="image">
					<posx>0</posx>
					<posy>0</posy>
					<width>300</width>
					<height>440</height>
					<aspectratio>stretch</aspectratio>
					<texture>$INFO[ListItem.Icon]</texture>
					<visible>!Control.IsVisible(7001) + !Control.IsVisible(7002)</visible>
					<visible>IsEmpty(ListItem.Art(poster))</visible>
				</control>
				<control type="image">
					<posx>0</posx>
					<posy>0</posy>
					<width>300</width>
					<height>440</height>
					<aspectratio>stretch</aspectratio>
					<texture>black-back.png</texture>
					<colordiffuse>AAFFFFFF</colordiffuse>
					<visible>!Control.IsVisible(7001) + !Control.IsVisible(7002)</visible>
					<visible>IsEmpty(ListItem.Art(poster))</visible>
					<visible>!Control.HasFocus(555)</visible>
				</control>
			</focusedlayout>
		</control>
		<control type="group">
			<include>Window_OpenClose_Animation</include>
			<visible>Control.IsVisible(555)</visible>
			<control type="label">
				<posx>20</posx>
				<posy>60</posy>
				<width>1240</width>
				<height>35</height>
				<font>font28_title</font>
				<textcolor>blue</textcolor>
				<shadowcolor>black</shadowcolor>
				<scroll>true</scroll>
				<align>center</align>
				<aligny>center</aligny>
				<label>$VAR[DescriptiveLabel]</label>
			</control>
			<control type="label">
				<posx>40</posx>
				<posy>100</posy>
				<width>1200</width>
				<height>35</height>
				<font>font13</font>
				<textcolor>white</textcolor>
				<shadowcolor>black</shadowcolor>
				<wrapmultiline>true</wrapmultiline>
				<scroll>false</scroll>
				<align>center</align>
				<aligny>center</aligny>
				<label>$INFO[ListItem.Tagline]</label>
				<visible>!IsEmpty(ListItem.Tagline)</visible>
			</control>
			<control type="scrollbar" id="60">
				<posx>90</posx>
				<posy>630</posy>
				<width>1100</width>
				<height>25</height>
				<texturesliderbackground border="14,0,14,0">ScrollBarH.png</texturesliderbackground>
				<texturesliderbar border="14,0,14,0">ScrollBarH_bar.png</texturesliderbar>
				<texturesliderbarfocus border="14,0,14,0">ScrollBarH_bar_focus.png</texturesliderbarfocus>
				<textureslidernib>ScrollBarNib.png</textureslidernib>
				<textureslidernibfocus>ScrollBarNib.png</textureslidernibfocus>
				<showonepage>true</showonepage>
				<orientation>horizontal</orientation>
				<onup>555</onup>
				<ondown condition="Skin.HasSetting(DisableHomeReturnButtons)">9000</ondown>
				<ondown condition="!Skin.HasSetting(DisableHomeReturnButtons)">82</ondown>
			</control>
		</control>
		<control type="group">
			<include>Window_OpenClose_Animation</include>
			<visible>Control.IsVisible(555)</visible>
			<control type="grouplist">
				<description>Media Codec Flagging Images</description>
				<posx>0</posx>
				<posy>595</posy>
				<width>1280</width>
				<align>center</align>
				<itemgap>2</itemgap>
				<orientation>horizontal</orientation>
				<include>VideoMPAAFlaggingConditions</include>
				<include>VideoCodecFlaggingConditions</include>
				<include>AudioCodecFlaggingConditions</include>
				<include>AudioChannelsFlaggingConditions</include>
				<include>AspectCodecFlaggingConditions</include>
				<include>VideoTypeHackFlaggingConditions</include>
			</control>
		</control>
	</include>
</includes>