<?xml version="1.0" encoding="UTF-8"?>
<addon id="script.icechannel" version="1.0.0.31" name="iSTREAM" provider-name="iSTREAM">
    <requires>
        <import addon="xbmc.python" version="2.1.0"/>
		<import addon="script.module.urlresolver" version="0.0.1"/>
		<import addon="script.module.universal" version="0.0.1" />
		<import addon="script.module.beautifulsoup" version="0.0.1"/>		
		<import addon="script.module.metahandler" version="0.0.1"/>
		<import addon="script.module.feedparser" version="0.0.1"/>
		<import addon="script.module.pyamf" version="0.0.1"/>
		<import addon="script.icechannel.extn.common" version="0.0.9"/>
		<import addon="script.module.unidecode" version="0.0.1"/>
		<import addon="script.module.socksipy" version="0.0.1"/>
		<import addon="script.module.dnspython" version="0.0.1"/>
		<import addon="script.module.f4mproxy" version="0.0.1"/>
		<import addon="script.istream.dialogs" version="0.0.1"/>
		<import addon="script.icechannel.extn.xunity.tv.common" version="0.0.1"/>
        <import addon="script.module.elementtree" version="1.2.8" />
        <import addon="script.module.requests" version="0.0.1" />
    </requires>
	<extension point="xbmc.python.pluginsource" library="plugin.py" >
		<provides>video</provides>
	</extension>
    <extension point="xbmc.python.module" library="lib" />
	<extension library="service.py" point="xbmc.service"  start="startup"/>	
    <extension point="xbmc.addon.metadata">
		<summary lang="en">iSTREAM</summary>
		<description lang="en">iSTREAM</description>
		<platform></platform>
		<language></language>
		<license></license>
		<forum></forum>
		<website></website>
		<source></source>
		<email></email>
    </extension>
</addon>
