<?xml version="1.0" encoding="UTF-8" standalone="yes"?>
<addon id="plugin.video.nfl.com"
       name="NFL.com"
       version="0.0.4"
       provider-name="divingmule">
  <requires>
    <import addon="xbmc.python" version="2.1.0"/>
    <import addon="script.module.beautifulsoup" version="3.2.1"/>
    <import addon="script.common.plugin.cache" version="2.5.4"/>
  </requires>
  <extension point="xbmc.python.pluginsource" library="default.py">
    <provides>video</provides>
  </extension>
  <extension point="xbmc.addon.metadata">
    <summary>Videos from nfl.com.</summary>
    <description>Video highlights from National Football League.com.</description>
    <platform>all</platform>
    <language>en</language>
    <license>GNU GENERAL PUBLIC LICENSE. Version 2, June 1991</license>
    <source>https://github.com/divingmule/plugin.video.nfl.com</source>
    <forum>http://forum.xbmc.org/showthread.php?tid=107256</forum>
  </extension>
</addon>
