<?xml version="1.0" encoding="UTF-8" standalone="yes"?>
<addon id="plugin.video.mxnews" name="MX World News" version="1.0.5" provider-name="MX">
  <requires>
    <import addon="xbmc.python" version="2.1.0"/>
  </requires>
  <extension point="xbmc.python.pluginsource" library="default.py">
    <provides>video</provides>
  </extension>
  <extension point="xbmc.addon.metadata">
    <summary lang="en">Live NEWS TV Channels</summary>
    <description lang="en">Popular worldwide NEWS channels released on TVaddons.ag only
not other websites so if you are getting this from other site, 
remember this is a FREE add-on do not PAY for it. 

Some of the channels in this addon may require a 16mbis or higher 
connection as they are high speed streams in their country of origin
and may buffer from time to time or just not play if you have slower 
internet speeds.</description>
    <disclaimer lang="en">This live TV content can change at anytime, we do not run the content server(s) for this addon</disclaimer>
    <language>EN</language>
    <platform>all</platform>
    <license></license>
    <forum></forum>
    <website>www.tvaddons.ag</website>
    <email></email>
    <source></source>
  </extension>
</addon>