<?xml version="1.0" encoding="UTF-8" standalone="yes"?>
<addon id="plugin.video.AWEsomeDL"
       name="AWEsome[COLOR blue]DL[/COLOR] "
       version="2.1.5"
       provider-name="Jas0npc">
  <requires>
        <import addon="xbmc.python" version="2.1.0"/>
        <import addon="script.module.urlresolver" version="1.0.3"/>
        <import addon="script.module.metahandler" version="1.0.1"/>
		<import addon="script.module.beautifulsoup"/>
  </requires>
  <extension point="xbmc.python.pluginsource"
            library="default.py">
        <provides>video</provides>
  </extension>
  <extension point="xbmc.addon.metadata">
    <summary lang="en">AWEsome[COLOR blue]DL[/COLOR]</summary>
    <description lang="en">AWEsome[COLOR blue]DL[/COLOR].....Official Support....[B]Xunitytalk.com[/B]. [CR][CR][COLOR green][B]BIG THANKS TO ALL WHOS HELPED,[CR]VOINAGE, Mikey1234, Eldorado.[CR][CR][/COLOR][/B][CR][COLOR orange]This addon DOES NOT contain any GA([CR]However it is now apart of the DEV FUND)[/COLOR]</description>
    <platform>all</platform>
  </extension>
</addon>
